"TermoEN";"PadraoEN";"Preferido";"Evitar";"Status";"Observacao"
"Epi Info";"Epi ?Info";"Epi Info";"\bEpiInfo\b(?!\.)";"Definido";"Nome do produto: não traduzir e escrever com espaço. Vale também para StatCalc, ActivEpi, OpenEpi, PHIN."
"Create Forms";"Create ?&?Forms";"Criar Formulários";"";"Definido";"Nome de módulo (Title Case)."
"Enter Data";"E&?nter ?Data";"Inserir Dados";"\bGravar Dados\b|\bGrave Dados\b";"Definido";"Hoje está 'Gravar Dados' (grava = salva, sentido errado). Opções: Inserir Dados (recomendado, espelha o verbo Enter), Digitar Dados, Entrada de Dados."
"Analyze Data";"Analy[sz]e ?Data";"Analisar Dados";"";"Definido";"Nome de módulo."
"Visual Dashboard";"Visual ?Dashboard";"Painel Visual";"\bPanel de\b|\bTablero\b|Painel de Análise";"Definido";"Hoje 'Painel de Análise' (e 'PANEL DE ANÁLISE' em espanhol na tela inicial). Recomendado 'Painel Visual' por ser tradução fiel do nome do produto."
"Create Maps";"Create ?&?Maps";"Criar Mapas";"";"Definido";"Nome de módulo."
"Create Reports";"Create ?&?Reports";"Criar Relatórios";"\bInformes?\b|\bReportes?\b";"Definido";""
"Classic (Analysis)";"\bClassic\b";"Clássica";"";"Definido";"Qualifica 'Análise' (Análise Clássica)."
"Dashboard";"\bDashboards?\b";"painel";"\bpanel\b|\btablero\b";"Definido";"'Panel' é espanhol."
"Canvas";"\bcanvas\b";"canvas";"\blienzo\b";"Definido";"Manter como empréstimo (arquivo .cvs7; já usado 11x). Alternativa: 'tela'. Definir uma só e usar sempre."
"Gadget";"\bgadgets?\b";"gadget";"\bdispositivos?\b";"Definido";"Hoje 'dispositivo' (16x, sentido errado: sugere hardware). Recomendado manter 'gadget' (termo da documentação do Epi Info). Alternativa: componente."
"form";"\bforms?\b";"formulário";"\bformas\b|\bforma (descendente|filha|relacionada)\b|\bfichas?\b";"Definido";"'Forma' não é tradução de 'form'."
"view (objeto do projeto)";"\bviews?\b";"formulário";"\bvis[aã]o\b|\bvisões\b|\bvistas?\b|\bvisualizações\b";"Definido";"No Epi Info 'view' é o formulário de coleta. Hoje 'Visão' (79x), pouco natural. Recomendado 'formulário'. Não confundir com o menu Exibir e com o verbo 'ver'."
"View (menu)";"^&?View$";"Exibir";"^(Formulário|Visão)$";"Definido";"Menu padrão do Windows pt-BR."
"descendant / child form";"\b(descendant|child) forms?\b";"formulário filho / descendente";"\bforma descendente\b";"Definido";"Parent = pai; child = filho."
"record";"\brecords?\b";"registro";"\bregistos?\b|\bexpedientes?\b";"Definido";""
"field";"\bfields?\b";"campo";"";"Definido";"Não deixar 'field' sem traduzir."
"page";"\bpages?\b";"página";"";"Definido";""
"project";"\bprojects?\b";"projeto";"\bproyectos?\b";"Definido";""
"template";"\btemplates?\b";"modelo";"\bplantillas?\b|\btemplates?\b";"Definido";""
"legal values";"legal values";"valores legais";"\bvalores legales\b";"Definido";"Mantido como está (tipo de campo do Epi Info)."
"code table";"code table";"tabela de códigos";"\btabla\b";"Definido";""
"CheckCode";"check ?code";"código de verificação";"check ?code|código de checagem|código de conferência";"Definido";"Consistente hoje (18x)."
"skip pattern / skip logic";"skip (pattern|logic|rule)";"regra de salto";"ignorar padrões|padrões de pulo";"Definido";"Hoje 'ignorar padrões' (sentido errado)."
"data source";"data ?source";"fonte de dados";"\bfuentes? de datos\b";"Definido";""
"database";"\bdatabases?\b";"banco de dados";"\bbase de dados\b|\bbase dados\b";"Definido";"Padrão no Brasil (hoje 'base de dados' 36x e 'banco de dados' 14x)."
"data table";"data ?table";"tabela de dados";"";"Definido";""
"table";"\btables?\b";"tabela";"\btablas?\b";"Definido";""
"grid";"\bgrids?\b";"grade";"\bgrelha\b|\bcuadr[ií]cula\b";"Definido";"Tipo de campo 'Grid' = 'Grade'."
"group";"\bgroups?\b";"grupo";"";"Definido";""
"variable";"\bvariables?\b";"variável";"\bvariables?\b";"Definido";"'variable' sem acento é espanhol/inglês."
"package (data package)";"\bpackages?\b";"pacote";"\bpaquetes?\b";"Definido";""
"sync file";"sync(hroni[sz]ation)? files?";"arquivo de sincronização";"\barchivos? de sincronizaci";"Definido";""
"unique key";"unique ?key";"chave única";"";"Definido";"UniqueKey (nome do campo do sistema) não se traduz."
"relate / related";"\brelat(e|ed)\b";"relacionar / relacionado";"";"Definido";""
"odds ratio";"odds ratio";"razão de chances";"razão de possibilidades|razão de probabilidades";"Definido";"'Odds ratio' também aceito em texto técnico; sigla OR."
"risk ratio / relative risk";"risk ratio|relative risk";"risco relativo";"\briesgo\b";"Definido";"Sigla RR."
"confidence interval";"confidence (interval|limit)";"intervalo de confiança";"confianza";"Definido";""
"chi-square";"chi[- ]?squar";"qui-quadrado";"chi[- ]?quadrado|chi cuadrado|quiquadrado|qui quadrado";"Definido";"Hoje 'Chi quadrado'."
"p-value";"p[- ]value";"valor de p";"\bp-valor\b|\bvalor-p\b";"Definido";""
"sample size";"sample size";"tamanho da amostra";"tamanho amostral|tama.o de la muestra";"Definido";""
"power (statistical)";"\bpower\b";"poder estatístico";"\bpotência\b";"Definido";"No StatCalc 'Sample Size and Power' = 'Tamanho da Amostra e Poder'."
"mean";"\bmeans?\b";"média";"\bmedia\b|\bmedias\b";"Definido";""
"standard deviation";"standard deviation|std\. dev";"desvio padrão";"desviaci[oó]n";"Definido";""
"variance";"\bvariance\b";"variância";"\bvarianza\b";"Definido";""
"frequency";"frequenc";"frequência";"\bfrecuencia\b";"Definido";""
"stratified / strata";"strat(a|um|ify|ified)";"estrato / estratificado";"";"Definido";""
"matched";"\bmatched\b";"pareado";"\bemparelhado\b|\bcasado\b";"Definido";"Unmatched = não pareado (hoje 'imcomparável', com erro de grafia)."
"unmatched";"\bunmatched\b";"não pareado";"incomparável|imcomparável";"Definido";""
"case-control";"case[- ]control";"caso-controle";"casos? controle\b";"Definido";"Com hífen."
"cohort";"\bcohort\b";"coorte";"\bcohorte\b";"Definido";"Hoje 'Cohorte' (espanhol)."
"cross-sectional";"cross[- ]sectional";"transversal";"";"Definido";""
"outbreak";"\boutbreak\b";"surto";"\bbrote\b";"Definido";""
"epi curve";"epi ?curve|epidemic curve";"curva epidêmica";"\bcurva epi\b";"Definido";""
"regression";"regression";"regressão";"\bregresi[oó]n\b";"Definido";""
"aberration";"aberration";"aberração";"\baberraci[oó]n\b";"Definido";""
"Save";"\bsave\b";"salvar";"\bguardar\b|\bguarde\b";"Definido";"Padrão do Windows pt-BR. Hoje 'Salvar' 79x e 'Guardar' 8x."
"Delete";"\bdelete\b";"excluir";"\bapagar\b|\bdeletar\b|\beliminar\b";"Definido";"Hoje 'Apagar' 30x e 'Excluir' 8x. Excluir é o padrão do Windows pt-BR."
"Remove";"\bremove\b";"remover";"";"Definido";"Diferente de Delete."
"Close";"^&?Close$";"Fechar";"cancelar|cerrar";"Definido";"Hoje 'Close' aparece como 'Cancelar' em alguns diálogos."
"Cancel";"^&?Cancel$";"Cancelar";"";"Definido";""
"Open";"\bopen\b";"abrir";"\babierto\b";"Definido";""
"Browse";"\bbrowse\b";"procurar";"\bnavegar\b|\bexaminar\b";"Definido";"Hoje 'Navegar' (30x). 'Procurar…' é o padrão dos botões de arquivo no Windows pt-BR."
"Select";"\bselect\b";"selecionar / selecione";"\bseleccion|\bseleccione";"Definido";"'Selecione' no imperativo para instruções."
"Enter (digitar)";"\benter (a|an|the|your|at least)\b";"digite / informe";"\bintroduz|\bingres|\bentrar\b";"Definido";"Digite (texto) / informe (valor)."
"Help";"\bhelp\b";"ajuda";"\bayuda\b|\bsocorro\b";"Definido";""
"Options";"\boptions?\b";"opções";"\bopciones\b";"Definido";""
"File";"\bfiles?\b";"arquivo";"\bficheiros?\b|\barchivos?\b";"Definido";""
"Language";"\blanguage\b";"idioma";"\blenguaje\b|\blíngua\b|\blinguagem\b";"Definido";"'Linguagem' só para linguagem de programação/comandos."
"Version";"\bversion\b";"versão";"\bversión\b|\bversao\b";"Definido";""
"Warning";"\bwarning\b";"aviso";"\badvertência\b|\badvertencia\b";"Definido";""
"Add";"\badd\b";"adicionar";"\bañadir\b|\bacrescentar\b";"Definido";""
"Click";"\bclick\b";"clique";"\bhaga clic\b|\bhaga click\b";"Definido";""
"tab (guia)";"\btabs?\b";"guia";"\bseparadores?\b|\bpestañas?\b";"Definido";""
"status bar";"status ?bar";"barra de status";"barra de estado";"Definido";"Hoje 'Barra de Estado'."
"window";"\bwindows?\b";"janela";"\bventana\b";"Definido";""
"check box";"check ?box";"caixa de seleção";"casilla";"Definido";""
"drop-down";"drop-?down";"lista suspensa";"desplegable";"Definido";""
"user";"\busers?\b";"usuário";"\butilizador(es)?\b|\busuario\b";"Definido";""
"password";"\bpassword\b";"senha";"palavra-passe|contraseña";"Definido";""
"screen";"\bscreens?\b";"tela";"\becr[aã]\b";"Definido";""
"download";"\bdownload";"baixar";"\bdescargar\b";"Definido";""
"server";"\bservers?\b";"servidor";"";"Definido";""
"connection";"\bconnections?\b";"conexão";"\bligação\b|\bconexi[oó]n\b";"Definido";""
"row / column";"\b(rows?|columns?)\b";"linha / coluna";"\bfilas?\b|\bcolumnas?\b";"Definido";""
"OK (botão)";"^&?OK$";"OK";"aceitar|aceptar";"Definido";"Padrão do Windows pt-BR. Hoje 'Aceitar' (espanhol 'Aceptar')."
"label (controle de texto)";"\blabel\d*$";"rótulo";"\betiqueta";"Definido";"'Etiqueta' não é o termo usado no Brasil para label."
"population survey";"population survey";"inquérito populacional";"estudo populacional";"Definido";"StatCalc."
"help desk / contact";"\b(help ?desk|contact)\b";"suporte / entrar em contato";"\bcontactar\b";"Definido";"'Contactar' é português de Portugal."
"missing (value)";"\bmissing\b";"ausente";"\bperdid[oa]s?\b|\bnulo\b";"Definido";"Valor ausente (não informado). 'Perdido' é calco do espanhol; 'nulo' é outra coisa."
"foreign key";"foreign key";"chave estrangeira";"chave externa";"Definido";"FKEY é nome de coluna do sistema e não se traduz."
"outcome (variable)";"\boutcome\b";"desfecho";"vari[aá]vel de sa[ií]da";"Definido";"Variável de desfecho (regressão, casos-controle)."
"Web Survey / Cloud Data Capture";"Web ?Survey|Cloud Data Capture";"Web Survey / Cloud Data Capture";"\bencuesta\b";"Definido";"Nomes de serviços do Epi Info: não traduzir. 'Survey' solto = pesquisa."
"please enter";"\bplease enter\b";"digite / informe";"\bescreva\b|\bescrever\b|\bintroduza\b";"Definido";"'Escreva' vem do espanhol 'Escriba'."
